<?xml version="1.0" encoding="utf-8"?>
<!DOCTYPE hibernate-configuration SYSTEM
        "http://www.hibernate.org/dtd/hibernate-configuration-3.0.dtd">
<hibernate-configuration>
    <session-factory>
        <property name="hibernate.dialect">@db_dialect@</property>
        <property name="hibernate.connection.url">@db_url@</property>
        <property name="hibernate.connection.username">@db_user@</property>
        <property name="hibernate.connection.password">@db_password@</property>
        <property name="hibernate.hbm2ddl.auto">update</property>
        <property name="show_sql">false</property>
        <property name="hibernate.current_session_context_class">thread</property>
        <property name="connection.autoReconnect">true</property>
        <property name="connection.autoReconnectForPools">true</property>
        <property name="connection.is-connection-validation-required">true</property>
        <mapping class="model.Character"/>
        <mapping class="model.Event"/>
        <mapping class="model.SignUp"/>
        <mapping class="model.SignUpId"/>
    </session-factory>
</hibernate-configuration>